Len Freigang;len_freigang69@hotmail.com;+43 13345709;Bahngasse 90b, Viehhofen, Wien
Lion Langhirt;lion.langhirt@yahoo.com;+4319911264;Unterdörfl 7, Taxenbach, Kärnten
Herr Mohammed Neupert;mohammed.neupert@gmail.com;+4314088382;Teichstraße 72c, Trieben, Oberösterreich
Catharina Hold;catharina_hold11@gmail.com;0515492347;Alte Poststraße 19b, Lech, Burgenland
Herr Johann Kleinert;johann.kleinert@gmail.com;015105910;Radetzkystraße 49b, Unterstinkenbrunn, Steiermark
Ronja Bahl;ronja.bahl@hotmail.com;01250 1834;Gabelsbergerstraße 6, Gams bei Hieflau, Wien
Dr. Amir Kleinsteuber;amir_kleinsteuber60@gmail.com;01 6717736;Waldhang 69a, Altenfelden, Niederösterreich
Malin Drews;malin_drews21@gmail.com;+4311928588;Kahlenberger Straße 12c, Lödersdorf, Salzburg
Henrike Greb;henrike.greb55@hotmail.com;+43 24051578;Fuchsgrubenweg 54, Ratten, Tirol
Prof. Dr. Lavinia Steinert;lavinia.steinert@yahoo.com;09967 2955;Lichtensternsiedlung V 50a, Neukirchen an der Enknach, Vorarlberg
Salih Kuschewitz;salih.kuschewitz29@hotmail.com;+4319237347;Musikpavillon Riezlern 56, Zell an der Pram, Vorarlberg
Celina Mayer;celina_mayer34@yahoo.com;+43 17079650;Lerchengasse (Pirka) 80b, Übersaxen, Burgenland
Kyra Adam;kyra.adam15@yahoo.com;+4317736958;Fischpointweg 2, Finkenberg, Tirol
Alicia Dutkiewicz;alicia.dutkiewicz69@hotmail.com;03956 3487;Seeblick 890, Übersaxen, Oberösterreich
Herr Christian Bäcker;christian.backer32@yahoo.com;0356044522;Hans-Mauracher-Straße 81b, Preitenegg, Tirol
Gino Falter;gino.falter@yahoo.com;01 5950838;Leopold Frank-Straße (Pellendorf) 30, Großhöflein, Vorarlberg
Pius Bieler;pius_bieler93@hotmail.com;+43-3562-4928;Leifling 962, Finkenberg, Niederösterreich
Henrike Greb;henrike.greb55@hotmail.com;+43 24051578;Fuchsgrubenweg 54, Ratten, Tirol
Dean Marl;dean_marl31@hotmail.com;+43-4035-0536;Zebragasse 3, Ebenthal in Kärnten, Niederösterreich
Alexandra Lg;alexandra.lg@yahoo.com;08129 8695;Grünbach 94c, Kottes-Purk, Salzburg
Celina Mayer;celina_mayer34@yahoo.com;+43 17079650;Lerchengasse (Pirka) 80b, Übersaxen, Burgenland
Emmely Alizadeh;emmely.alizadeh23@gmail.com;08586 8621;Eckgrabenweg 40c, Oberndorf in Tirol, Tirol
Herr Tanja Esenwein;tanja.esenwein@gmail.com;+43-1-2068220;Hainschwang 45b, Zwölfaxing, Oberösterreich
Elea Hellmann;elea_hellmann28@yahoo.com;00357 8096;Erlenweg 77b, Dürnkrut, Oberösterreich
Dina Lokar;dina_lokar@gmail.com;01 0019580;Hussovits Gasse 674, Jagerberg, Burgenland
Herr Berat Brosch;berat_brosch@hotmail.com;0096943784;Grub 22c, Rastenfeld, Vorarlberg
Prof. Dr. Dustin Tuschmo;dustin.tuschmo@yahoo.com;+43 89898910;Gröretgasse 72b, Mautern an der Donau, Steiermark
Hamza Waibel;hamza.waibel29@yahoo.com;+43-0268-8930;Darnautgasse 9, Öblarn, Salzburg
Isabella Rau;isabella_rau23@hotmail.com;08776 8062;Geigen 74a, Klagenfurt, Burgenland
Natalia Radtke;natalia.radtke@hotmail.com;08983 6056;Luegstraße 158, Itter, Tirol
Hamza Waibel;hamza.waibel29@yahoo.com;+43-0268-8930;Darnautgasse 9, Öblarn, Salzburg
Jan Schmidt;jan_schmidt45@hotmail.com;0069904778;Waldhang 55c, Sankt Johann im Saggautal, Kärnten
Herr Christian Bäcker;christian.backer32@yahoo.com;0356044522;Hans-Mauracher-Straße 81b, Preitenegg, Tirol
Charlotte Dietz;charlotte.dietz29@yahoo.com;017156311;Verwaltersiedlung 40, Übelbach, Wien
Melike Zeyhle;melike_zeyhle0@hotmail.com;01 9132286;Auf der Stift 7, Zell am Pettenfirst, Tirol
Lion Langhirt;lion.langhirt@yahoo.com;+4319911264;Unterdörfl 7, Taxenbach, Kärnten
Alicia Dutkiewicz;alicia.dutkiewicz69@hotmail.com;03956 3487;Seeblick 890, Übersaxen, Oberösterreich
Prof. Dr. Dustin Tuschmo;dustin.tuschmo@yahoo.com;+43 89898910;Gröretgasse 72b, Mautern an der Donau, Steiermark
Herr Berat Brosch;berat_brosch@hotmail.com;0096943784;Grub 22c, Rastenfeld, Vorarlberg
Simeon Alizadeh;simeon.alizadeh95@gmail.com;+4318715185;Alleestraße (Poysbrunn) 41a, Waidhofen an der Thaya, Tirol
Catharina Hold;catharina_hold11@gmail.com;0515492347;Alte Poststraße 19b, Lech, Burgenland
Lene Dieckmann;lene.dieckmann@gmail.com;012745137;Hochfeistritz 60a, Ybbsitz, Oberösterreich
Mats Mörsch;mats_morsch@hotmail.com;+43 65581757;Fassergasse 6, Neustift an der Lafnitz, Oberösterreich
Josua Mikitenko;josua_mikitenko@gmail.com;+4315076627;Simling 5, Yspertal, Kärnten
Katja Kuhnen;katja.kuhnen39@yahoo.com;+43 31848989;Ötzbruck 9, Deutsch-Wagram, Tirol
Charlotte Dietz;charlotte.dietz29@yahoo.com;017156311;Verwaltersiedlung 40, Übelbach, Wien
Dr. Aleyna Meisch;aleyna.meisch67@hotmail.com;+43-1-6913865;Lindenweg 11c, Kindberg, Burgenland
Pius Bieler;pius_bieler93@hotmail.com;+43-3562-4928;Leifling 962, Finkenberg, Niederösterreich
Conner Pusch;conner.pusch@yahoo.com;+4310364846;Am Färberberg 48c, Mitterbach am Erlaufsee, Burgenland
Josua Mikitenko;josua_mikitenko@gmail.com;+4315076627;Simling 5, Yspertal, Kärnten
Melike Zeyhle;melike_zeyhle0@hotmail.com;01 9132286;Auf der Stift 7, Zell am Pettenfirst, Tirol
Calvin Cornelsen;calvin.cornelsen@hotmail.com;+43-3605-8103;Schaunbergerstraße 49b, St. Pölten, Wien
Dr. Aleyna Meisch;aleyna.meisch67@hotmail.com;+43-1-6913865;Lindenweg 11c, Kindberg, Burgenland
Prof. Dr. Lavinia Steinert;lavinia.steinert@yahoo.com;09967 2955;Lichtensternsiedlung V 50a, Neukirchen an der Enknach, Vorarlberg
Jan Schmidt;jan_schmidt45@hotmail.com;0069904778;Waldhang 55c, Sankt Johann im Saggautal, Kärnten
Jerome Grau;jerome_grau@gmail.com;010543735;Krankenhausstraße 414, Velden am Wörther See, Niederösterreich
Hasan Kutscherauer;hasan.kutscherauer@yahoo.com;+43-1-3311554;Privatweg 1, Neustift an der Lafnitz, Kärnten
Alexandra Lg;alexandra.lg@yahoo.com;08129 8695;Grünbach 94c, Kottes-Purk, Salzburg
Nikolai Franke;nikolai_franke@yahoo.com;013647565;Zulechnerweg 88c, Ilztal, Niederösterreich
Rebekka Kinzy;rebekka_kinzy@yahoo.com;+43 22979775;Hainschwang 81b, Eichgraben, Steiermark
Gino Falter;gino.falter@yahoo.com;01 5950838;Leopold Frank-Straße (Pellendorf) 30, Großhöflein, Vorarlberg
Lene Dieckmann;lene.dieckmann@gmail.com;012745137;Hochfeistritz 60a, Ybbsitz, Oberösterreich
Conner Pusch;conner.pusch@yahoo.com;+4310364846;Am Färberberg 48c, Mitterbach am Erlaufsee, Burgenland
Jesper Greger;jesper_greger12@yahoo.com;+43-3192-1906;Niedergams 612, Überackern, Steiermark
Dr. Amir Kleinsteuber;amir_kleinsteuber60@gmail.com;01 6717736;Waldhang 69a, Altenfelden, Niederösterreich
Elea Hellmann;elea_hellmann28@yahoo.com;00357 8096;Erlenweg 77b, Dürnkrut, Oberösterreich
Dina Lokar;dina_lokar@gmail.com;01 0019580;Hussovits Gasse 674, Jagerberg, Burgenland
Chiara Gehrig;chiara_gehrig@gmail.com;+43 19894989;Obere Berggasse 23, Bergern im Dunkelsteinerwald, Burgenland
Alexandra Lg;alexandra.lg@yahoo.com;08129 8695;Grünbach 94c, Kottes-Purk, Salzburg
Herr Tanja Esenwein;tanja.esenwein@gmail.com;+43-1-2068220;Hainschwang 45b, Zwölfaxing, Oberösterreich
Dean Marl;dean_marl31@hotmail.com;+43-4035-0536;Zebragasse 3, Ebenthal in Kärnten, Niederösterreich
Mick Tsamonikian;mick_tsamonikian80@gmail.com;012863401;Heideweg 3, Wien, Vorarlberg
Jan Schmidt;jan_schmidt45@hotmail.com;0069904778;Waldhang 55c, Sankt Johann im Saggautal, Kärnten
Jill Klink;jill.klink66@yahoo.com;0883238336;Hütten 45, Dornbirn, Oberösterreich
Mats Mörsch;mats_morsch@hotmail.com;+43 65581757;Fassergasse 6, Neustift an der Lafnitz, Oberösterreich
Mats Mörsch;mats_morsch@hotmail.com;+43 65581757;Fassergasse 6, Neustift an der Lafnitz, Oberösterreich
Dr. Amir Kleinsteuber;amir_kleinsteuber60@gmail.com;01 6717736;Waldhang 69a, Altenfelden, Niederösterreich
Katja Kuhnen;katja.kuhnen39@yahoo.com;+43 31848989;Ötzbruck 9, Deutsch-Wagram, Tirol
Josua Mikitenko;josua_mikitenko@gmail.com;+4315076627;Simling 5, Yspertal, Kärnten
Lene Dieckmann;lene.dieckmann@gmail.com;012745137;Hochfeistritz 60a, Ybbsitz, Oberösterreich
Len Freigang;len_freigang69@hotmail.com;+43 13345709;Bahngasse 90b, Viehhofen, Wien
Hasan Kutscherauer;hasan.kutscherauer@yahoo.com;+43-1-3311554;Privatweg 1, Neustift an der Lafnitz, Kärnten
Charlotte Dietz;charlotte.dietz29@yahoo.com;017156311;Verwaltersiedlung 40, Übelbach, Wien
Rayan Saumweber;rayan_saumweber@hotmail.com;01 7813761;Mühle 848, Kindberg, Vorarlberg
Herr Christian Bäcker;christian.backer32@yahoo.com;0356044522;Hans-Mauracher-Straße 81b, Preitenegg, Tirol
Katja Kuhnen;katja.kuhnen39@yahoo.com;+43 31848989;Ötzbruck 9, Deutsch-Wagram, Tirol
Rebekka Kinzy;rebekka_kinzy@yahoo.com;+43 22979775;Hainschwang 81b, Eichgraben, Steiermark
Conner Pusch;conner.pusch@yahoo.com;+4310364846;Am Färberberg 48c, Mitterbach am Erlaufsee, Burgenland
Dina Lokar;dina_lokar@gmail.com;01 0019580;Hussovits Gasse 674, Jagerberg, Burgenland
Dr. Lutz Gerbennow;lutz.gerbennow9@hotmail.com;+43-1-4629480;Alpenlandstraße 25a, Turnau, Kärnten
Prof. Dr. Lavinia Steinert;lavinia.steinert@yahoo.com;09967 2955;Lichtensternsiedlung V 50a, Neukirchen an der Enknach, Vorarlberg
Anna Matula;anna.matula@gmail.com;+43-1-9531180;Föhrenweg 96c, Innsbruck, Burgenland
Dr. Lutz Gerbennow;lutz.gerbennow9@hotmail.com;+43-1-4629480;Alpenlandstraße 25a, Turnau, Kärnten
Henrike Greb;henrike.greb55@hotmail.com;+43 24051578;Fuchsgrubenweg 54, Ratten, Tirol
Justus Renz;justus.renz@yahoo.com;01993 7509;Alleestraße (Poysbrunn) 557, Lavamünd, Steiermark
Diego Büscher;diego.buscher15@yahoo.com;+4311474152;Lindenhofstraße 1, Eisenstadt, Burgenland
Daniel Aschenbroich;daniel.aschenbroich31@hotmail.com;+43-1182-0060;Ziehrerstraße 1, Berndorf bei Salzburg, Kärnten
Dr. Lutz Gerbennow;lutz.gerbennow9@hotmail.com;+43-1-4629480;Alpenlandstraße 25a, Turnau, Kärnten
Salih Kuschewitz;salih.kuschewitz29@hotmail.com;+4319237347;Musikpavillon Riezlern 56, Zell an der Pram, Vorarlberg
Melike Zeyhle;melike_zeyhle0@hotmail.com;01 9132286;Auf der Stift 7, Zell am Pettenfirst, Tirol
Dr. Kilian Strogies;kilian.strogies@hotmail.com;+4319978703;Lindenweg 18c, Ilz, Tirol
Dr. Kilian Strogies;kilian.strogies@hotmail.com;+4319978703;Lindenweg 18c, Ilz, Tirol
Alicia Dutkiewicz;alicia.dutkiewicz69@hotmail.com;03956 3487;Seeblick 890, Übersaxen, Oberösterreich
Gino Falter;gino.falter@yahoo.com;01 5950838;Leopold Frank-Straße (Pellendorf) 30, Großhöflein, Vorarlberg
Prof. Dr. Dustin Tuschmo;dustin.tuschmo@yahoo.com;+43 89898910;Gröretgasse 72b, Mautern an der Donau, Steiermark
Malin Drews;malin_drews21@gmail.com;+4311928588;Kahlenberger Straße 12c, Lödersdorf, Salzburg
Justus Renz;justus.renz@yahoo.com;01993 7509;Alleestraße (Poysbrunn) 557, Lavamünd, Steiermark
